,Scenes,COCO,ImageNet
0,0.38725327525327524,0.47533743748751256,0.42068433929398064
