,Scenes,COCO,ImageNet
0,3.9882743465512515e-37,3.2526357465197075e-113,5.350861652071892e-83
