subject,metric,V1,V2,V3,V4,PPA,FFA,LOC,OPA
0,sum_all,6.788480940052996e-05,0.6075709130195014,0.6366909300346014,0.001837720677800134,5.860786507034192e-30,0.0010183551223468693,0.3320553028968418,7.784521843748083e-11
1,sum_all,0.138895135770508,0.06139676044428886,0.17800589992737748,0.00039026212131455795,1.2778544499009176e-17,2.3271407634303146e-10,0.28192685776527004,4.146033100591461e-08
2,sum_all,0.2663941338988141,0.0996264180645495,0.028659974365876084,0.3323122285992831,3.0069292904508196e-07,0.3477644877750101,0.0006622026341098244,0.650022333691304
3,sum_all,0.00973570746575287,0.0005727058833799786,1.217114751464994e-05,5.0188740250906535e-08,1.124985866240224e-09,0.003646939784599169,0.001203781730782555,6.128828178972005e-10
0,l1_norm,0.01039459619798269,0.011412283484127846,0.011244525617736926,0.005137228135620769,2.7298374664166154e-24,1.3896435098379147e-05,0.13415303270182904,2.798549772256909e-21
1,l1_norm,0.5804450344992436,0.23068217889446185,0.16794739106591797,5.739391771153357e-05,1.3671572159511004e-16,1.2887781290221118e-12,0.8164580978903877,2.996880730937438e-09
2,l1_norm,0.5744669790112102,0.5114098923734682,0.28131116170174364,0.5065283354527826,1.6416280596373513e-06,0.056110404805594274,0.18750542013000498,0.014957860260530675
3,l1_norm,0.019229527401903302,0.00015142866895421868,5.899606390748181e-05,1.312334538561206e-06,1.685641826329453e-10,0.0007191938449975707,0.0008508353415380125,6.248687851341433e-10
