metric,dataset,V1,V2,V3,V4,LOC,FFA,OPA,PPA
sum_all,Scenes,0.8946441373192047,0.5230033250192145,0.479223768497835,0.27785836139554015,0.2905209588843691,0.00027593124085307055,0.1523412022666194,2.916805413347447e-08
sum_all,COCO,0.03439797517728638,0.0430551723310203,0.6068817199378156,0.017496221942285138,0.6492628595240366,6.173794152703919e-08,3.450253633883253e-05,2.6147881727231146e-18
sum_all,ImageNet,0.012512088412743608,0.11373569840359049,0.4447422073432582,2.279628647451739e-05,0.150061866188241,0.2803921950104214,2.921103637991704e-14,1.6924601353789902e-21
