metric,V1,V2,V3,V4,LOC,FFA,OPA,PPA
sum_all,0.00982391529665412,0.15100621879899787,0.7893895796197561,0.0005515756770480306,0.830177305864743,3.4238001539917445e-06,3.794052506298824e-10,3.0287176622422796e-42
l1_norm,0.006450991293169945,0.08941934287125712,0.11560444464222921,0.003385511420891465,0.288415843754493,1.300978897104334e-15,3.520573349487707e-12,3.707924556504719e-24
