metric,dataset,V1,V2,V3,V4,LOC,FFA,OPA,PPA
l1_norm,Scenes,0.9869106022215143,0.70882192078348,0.8246056748575408,0.6215450587886402,0.38367342723155096,0.0005206130433303836,0.041141076316767486,2.537014827513889e-07
l1_norm,COCO,0.01109207646343427,0.14221435790753037,0.14445511582435522,0.019097242248686325,0.5966854099627437,2.9444023517382594e-10,1.9006133019156383e-05,4.148496793356691e-15
l1_norm,ImageNet,0.045181112778139965,0.18171851291621297,0.1562827448557579,0.009712530624413525,0.4040703637874423,0.005981079263564964,2.5179814797136413e-10,1.5238840872128856e-12
sum_all,Scenes,0.9267650165720109,0.885483774882502,0.9226470917946216,0.12301279211160168,0.9179751289286715,0.01637253895994274,0.2777703487323132,2.9402740588662133e-10
sum_all,COCO,0.06543144260022019,0.06889212448985112,0.3996272421954231,0.04251276608147354,0.8876445082129122,8.331165475656838e-05,8.891569498393081e-05,2.1810382273980083e-26
sum_all,ImageNet,0.006622863415925204,0.1490806052196552,0.3881005475243947,0.0002025183077881233,0.05770052205842572,0.2917506101381599,2.4545301540703174e-09,4.774891001758058e-28
