metric,V1,V2,V3,V4,LOC,FFA,OPA,PPA
sum_all,0.007394746746531093,0.09971715495101062,0.5248177584694411,0.00014494577954753137,0.6214049630155913,5.244133600505423e-06,4.018609713624405e-10,1.1366108641614763e-44
l1_norm,0.007031691863744896,0.07028206205682509,0.09643322925186805,0.0025401184135155214,0.43494186900750953,1.5060233152451365e-14,1.915280342090798e-12,6.030685341557689e-25
