metric,V1,V2,V3,V4,LOC,FFA,OPA,PPA
sum_all,0.0060096344569474085,0.044489479126494404,0.6096267960946573,1.2993676513322856e-05,0.9985804322428525,3.278598200899836e-10,5.904692067513441e-14,3.417810646243662e-27
